{
  "epochs": 50,
  "batch_size": 16,
  "learning_rate": 0.001,
  "train_samples": 8,
  "val_samples": 2,
  "training_loss": [
    0.45148905625825586,
    0.38972528295156383,
    0.319616383360972,
    0.44161626633423745,
    0.5639695997223146,
    0.28517394497176196,
    0.5916473327416492,
    0.34911606224695213,
    0.22824458168882963,
    0.23000367524150575,
    0.5868673468629307,
    0.19014158755403507,
    0.5705010188068991,
    0.4532423922539742,
    0.282013587096959,
    0.5902613170781187,
    0.28930859164928713,
    0.584719589488799,
    0.12221736949866444,
    0.4759075791957763,
    0.5584174195277221,
    0.3711029289430916,
    0.2575045397486614,
    0.4079770265890442,
    0.1689329157124145,
    0.21950142322858504,
    0.5632530157142351,
    0.5383127190747116,
    0.590628751661552,
    0.2722711298483431,
    0.23187046221694388,
    0.5692776111317253,
    0.2994779958502126,
    0.19896197360326331,
    0.28638168268901376,
    0.4664810809832175,
    0.4982202246754267,
    0.36043063765595273,
    0.2539456609126979,
    0.1235003875596872,
    0.566523198377822,
    0.2923843664179928,
    0.5780202418194447,
    0.34897107506351177,
    0.3287490157023436,
    0.3565842845285171,
    0.3202417904393057,
    0.29475326883730935,
    0.3551098453528164,
    0.41194521780465
  ],
  "validation_loss": [
    0.5741918062265379,
    0.6453333350007388,
    0.5208915273266016,
    0.24554570999134248,
    0.5094449490005701,
    0.5064561948528477,
    0.6032128920078567,
    0.4133837720155391,
    0.3873083461365626,
    0.25626968405386386,
    0.23794847367367158,
    0.5148975575747348,
    0.31523992615859886,
    0.5819072082761068,
    0.5517080536947884,
    0.27163768347532014,
    0.34670325731327944,
    0.2275473895981915,
    0.26279952748342705,
    0.3667225948091053,
    0.5847610345419183,
    0.5781871572784746,
    0.30655913514909416,
    0.42590531597549697,
    0.5379507023474623,
    0.20636016322868336,
    0.4620344136168921,
    0.2434051224460483,
    0.4149144957384153,
    0.22088745326138495,
    0.5713525205494346,
    0.638510849559994,
    0.5060924949950952,
    0.15614480186047394,
    0.5354183413534515,
    0.6495848920400795,
    0.4839418781196947,
    0.20496630686343795,
    0.5425037371602247,
    0.352606728926407,
    0.37162124854889156,
    0.5590361615879501,
    0.3713463090725757,
    0.64349314495933,
    0.46053472891603675,
    0.3690972560179633,
    0.5426294791806618,
    0.470615445917826,
    0.4122801461295419,
    0.4764501949972839
  ],
  "started_at": "2025-12-21T17:36:07.569179",
  "completed_at": "2025-12-21T17:36:07.580360",
  "model_path": "storage/ml_models/house_generation/house_gen_model_20251221_173607.pkl",
  "final_train_loss": 0.41194521780465,
  "final_val_loss": 0.4764501949972839
}